score,time,samples,subject,session,channels,n_sessions,dataset,pipeline,channels_used,fold,run
0.4049112,0.28468984,437.0,1,1,17.0,11.0,Stieger2021,csp+lda,"FC3,FC1,FCz,FC2,FC4,C5,C3,C1,Cz,C2,C4,C6,CP3,CP1,CPz,CP2,CP4",,
0.4669279,0.41180873,437.0,1,1,17.0,11.0,Stieger2021,riem+lr,"FC3,FC1,FCz,FC2,FC4,C5,C3,C1,Cz,C2,C4,C6,CP3,CP1,CPz,CP2,CP4",,
0.38672936,0.39390248,437.0,1,1,17.0,11.0,Stieger2021,riem+lda,"FC3,FC1,FCz,FC2,FC4,C5,C3,C1,Cz,C2,C4,C6,CP3,CP1,CPz,CP2,CP4",,
0.39806688,0.26287967,437.0,1,1,17.0,11.0,Stieger2021,csp+lr,"FC3,FC1,FCz,FC2,FC4,C5,C3,C1,Cz,C2,C4,C6,CP3,CP1,CPz,CP2,CP4",,
,,,1,1,,,Stieger2021,csd_csp+lda,"FC3,FC1,FCz,FC2,FC4,C5,C3,C1,Cz,C2,C4,C6,CP3,CP1,CPz,CP2,CP4",,
,,,1,1,,,Stieger2021,csd_csp+lr,"FC3,FC1,FCz,FC2,FC4,C5,C3,C1,Cz,C2,C4,C6,CP3,CP1,CPz,CP2,CP4",,
,,,1,1,,,Stieger2021,csd_riem+lda,"FC3,FC1,FCz,FC2,FC4,C5,C3,C1,Cz,C2,C4,C6,CP3,CP1,CPz,CP2,CP4",,
,,,1,1,,,Stieger2021,csd_riem+lr,"FC3,FC1,FCz,FC2,FC4,C5,C3,C1,Cz,C2,C4,C6,CP3,CP1,CPz,CP2,CP4",,
0.4049112,0.28468984,437.0,1,1,17.0,11.0,Stieger2021,csp+lda,"FC3,FC1,FCz,FC2,FC4,C5,C3,C1,Cz,C2,C4,C6,CP3,CP1,CPz,CP2,CP4",,
0.4669279,0.41180873,437.0,1,1,17.0,11.0,Stieger2021,riem+lr,"FC3,FC1,FCz,FC2,FC4,C5,C3,C1,Cz,C2,C4,C6,CP3,CP1,CPz,CP2,CP4",,
0.38672936,0.39390248,437.0,1,1,17.0,11.0,Stieger2021,riem+lda,"FC3,FC1,FCz,FC2,FC4,C5,C3,C1,Cz,C2,C4,C6,CP3,CP1,CPz,CP2,CP4",,
0.39806688,0.26287967,437.0,1,1,17.0,11.0,Stieger2021,csp+lr,"FC3,FC1,FCz,FC2,FC4,C5,C3,C1,Cz,C2,C4,C6,CP3,CP1,CPz,CP2,CP4",,
0.44092438,0.29317608,422.0,1,3,17.0,11.0,Stieger2021,csp+lda,"FC3,FC1,FCz,FC2,FC4,C5,C3,C1,Cz,C2,C4,C6,CP3,CP1,CPz,CP2,CP4",,
0.5757423,0.36891913,422.0,1,3,17.0,11.0,Stieger2021,riem+lr,"FC3,FC1,FCz,FC2,FC4,C5,C3,C1,Cz,C2,C4,C6,CP3,CP1,CPz,CP2,CP4",,
0.50943977,0.36784452,422.0,1,3,17.0,11.0,Stieger2021,riem+lda,"FC3,FC1,FCz,FC2,FC4,C5,C3,C1,Cz,C2,C4,C6,CP3,CP1,CPz,CP2,CP4",,
0.47865546,0.28481513,422.0,1,3,17.0,11.0,Stieger2021,csp+lr,"FC3,FC1,FCz,FC2,FC4,C5,C3,C1,Cz,C2,C4,C6,CP3,CP1,CPz,CP2,CP4",,
,,,1,3,,,Stieger2021,csd_csp+lda,"FC3,FC1,FCz,FC2,FC4,C5,C3,C1,Cz,C2,C4,C6,CP3,CP1,CPz,CP2,CP4",,
,,,1,3,,,Stieger2021,csd_csp+lr,"FC3,FC1,FCz,FC2,FC4,C5,C3,C1,Cz,C2,C4,C6,CP3,CP1,CPz,CP2,CP4",,
,,,1,3,,,Stieger2021,csd_riem+lda,"FC3,FC1,FCz,FC2,FC4,C5,C3,C1,Cz,C2,C4,C6,CP3,CP1,CPz,CP2,CP4",,
,,,1,3,,,Stieger2021,csd_riem+lr,"FC3,FC1,FCz,FC2,FC4,C5,C3,C1,Cz,C2,C4,C6,CP3,CP1,CPz,CP2,CP4",,
0.44092438,0.29317608,422.0,1,3,17.0,11.0,Stieger2021,csp+lda,"FC3,FC1,FCz,FC2,FC4,C5,C3,C1,Cz,C2,C4,C6,CP3,CP1,CPz,CP2,CP4",,
0.5757423,0.36891913,422.0,1,3,17.0,11.0,Stieger2021,riem+lr,"FC3,FC1,FCz,FC2,FC4,C5,C3,C1,Cz,C2,C4,C6,CP3,CP1,CPz,CP2,CP4",,
0.50943977,0.36784452,422.0,1,3,17.0,11.0,Stieger2021,riem+lda,"FC3,FC1,FCz,FC2,FC4,C5,C3,C1,Cz,C2,C4,C6,CP3,CP1,CPz,CP2,CP4",,
0.47865546,0.28481513,422.0,1,3,17.0,11.0,Stieger2021,csp+lr,"FC3,FC1,FCz,FC2,FC4,C5,C3,C1,Cz,C2,C4,C6,CP3,CP1,CPz,CP2,CP4",,
0.54545456,0.29524413,440.0,1,5,17.0,11.0,Stieger2021,csp+lda,"FC3,FC1,FCz,FC2,FC4,C5,C3,C1,Cz,C2,C4,C6,CP3,CP1,CPz,CP2,CP4",,
0.72727275,0.390776,440.0,1,5,17.0,11.0,Stieger2021,riem+lr,"FC3,FC1,FCz,FC2,FC4,C5,C3,C1,Cz,C2,C4,C6,CP3,CP1,CPz,CP2,CP4",,
0.6181818,0.3801202,440.0,1,5,17.0,11.0,Stieger2021,riem+lda,"FC3,FC1,FCz,FC2,FC4,C5,C3,C1,Cz,C2,C4,C6,CP3,CP1,CPz,CP2,CP4",,
0.57272726,0.28793558,440.0,1,5,17.0,11.0,Stieger2021,csp+lr,"FC3,FC1,FCz,FC2,FC4,C5,C3,C1,Cz,C2,C4,C6,CP3,CP1,CPz,CP2,CP4",,
,,,1,5,,,Stieger2021,csd_csp+lda,"FC3,FC1,FCz,FC2,FC4,C5,C3,C1,Cz,C2,C4,C6,CP3,CP1,CPz,CP2,CP4",,
,,,1,5,,,Stieger2021,csd_csp+lr,"FC3,FC1,FCz,FC2,FC4,C5,C3,C1,Cz,C2,C4,C6,CP3,CP1,CPz,CP2,CP4",,
,,,1,5,,,Stieger2021,csd_riem+lda,"FC3,FC1,FCz,FC2,FC4,C5,C3,C1,Cz,C2,C4,C6,CP3,CP1,CPz,CP2,CP4",,
,,,1,5,,,Stieger2021,csd_riem+lr,"FC3,FC1,FCz,FC2,FC4,C5,C3,C1,Cz,C2,C4,C6,CP3,CP1,CPz,CP2,CP4",,
0.54545456,0.29524413,440.0,1,5,17.0,11.0,Stieger2021,csp+lda,"FC3,FC1,FCz,FC2,FC4,C5,C3,C1,Cz,C2,C4,C6,CP3,CP1,CPz,CP2,CP4",,
0.72727275,0.390776,440.0,1,5,17.0,11.0,Stieger2021,riem+lr,"FC3,FC1,FCz,FC2,FC4,C5,C3,C1,Cz,C2,C4,C6,CP3,CP1,CPz,CP2,CP4",,
0.6181818,0.3801202,440.0,1,5,17.0,11.0,Stieger2021,riem+lda,"FC3,FC1,FCz,FC2,FC4,C5,C3,C1,Cz,C2,C4,C6,CP3,CP1,CPz,CP2,CP4",,
0.57272726,0.28793558,440.0,1,5,17.0,11.0,Stieger2021,csp+lr,"FC3,FC1,FCz,FC2,FC4,C5,C3,C1,Cz,C2,C4,C6,CP3,CP1,CPz,CP2,CP4",,
0.60045445,0.31961408,433.0,1,7,17.0,11.0,Stieger2021,csp+lda,"FC3,FC1,FCz,FC2,FC4,C5,C3,C1,Cz,C2,C4,C6,CP3,CP1,CPz,CP2,CP4",,
0.76915264,0.36658818,433.0,1,7,17.0,11.0,Stieger2021,riem+lr,"FC3,FC1,FCz,FC2,FC4,C5,C3,C1,Cz,C2,C4,C6,CP3,CP1,CPz,CP2,CP4",,
0.6373964,0.36129817,433.0,1,7,17.0,11.0,Stieger2021,riem+lda,"FC3,FC1,FCz,FC2,FC4,C5,C3,C1,Cz,C2,C4,C6,CP3,CP1,CPz,CP2,CP4",,
0.5727613,0.29122853,433.0,1,7,17.0,11.0,Stieger2021,csp+lr,"FC3,FC1,FCz,FC2,FC4,C5,C3,C1,Cz,C2,C4,C6,CP3,CP1,CPz,CP2,CP4",,
,,,1,7,,,Stieger2021,csd_csp+lda,"FC3,FC1,FCz,FC2,FC4,C5,C3,C1,Cz,C2,C4,C6,CP3,CP1,CPz,CP2,CP4",,
,,,1,7,,,Stieger2021,csd_csp+lr,"FC3,FC1,FCz,FC2,FC4,C5,C3,C1,Cz,C2,C4,C6,CP3,CP1,CPz,CP2,CP4",,
,,,1,7,,,Stieger2021,csd_riem+lda,"FC3,FC1,FCz,FC2,FC4,C5,C3,C1,Cz,C2,C4,C6,CP3,CP1,CPz,CP2,CP4",,
,,,1,7,,,Stieger2021,csd_riem+lr,"FC3,FC1,FCz,FC2,FC4,C5,C3,C1,Cz,C2,C4,C6,CP3,CP1,CPz,CP2,CP4",,
0.60045445,0.31961408,433.0,1,7,17.0,11.0,Stieger2021,csp+lda,"FC3,FC1,FCz,FC2,FC4,C5,C3,C1,Cz,C2,C4,C6,CP3,CP1,CPz,CP2,CP4",,
0.76915264,0.36658818,433.0,1,7,17.0,11.0,Stieger2021,riem+lr,"FC3,FC1,FCz,FC2,FC4,C5,C3,C1,Cz,C2,C4,C6,CP3,CP1,CPz,CP2,CP4",,
0.6373964,0.36129817,433.0,1,7,17.0,11.0,Stieger2021,riem+lda,"FC3,FC1,FCz,FC2,FC4,C5,C3,C1,Cz,C2,C4,C6,CP3,CP1,CPz,CP2,CP4",,
0.5727613,0.29122853,433.0,1,7,17.0,11.0,Stieger2021,csp+lr,"FC3,FC1,FCz,FC2,FC4,C5,C3,C1,Cz,C2,C4,C6,CP3,CP1,CPz,CP2,CP4",,
0.46016416,0.26958656,426.0,2,1,17.0,11.0,Stieger2021,csp+lda,"FC3,FC1,FCz,FC2,FC4,C5,C3,C1,Cz,C2,C4,C6,CP3,CP1,CPz,CP2,CP4",,
0.4764706,0.3531634,426.0,2,1,17.0,11.0,Stieger2021,riem+lr,"FC3,FC1,FCz,FC2,FC4,C5,C3,C1,Cz,C2,C4,C6,CP3,CP1,CPz,CP2,CP4",,
0.4248427,0.36824208,426.0,2,1,17.0,11.0,Stieger2021,riem+lda,"FC3,FC1,FCz,FC2,FC4,C5,C3,C1,Cz,C2,C4,C6,CP3,CP1,CPz,CP2,CP4",,
0.45077977,0.25201893,426.0,2,1,17.0,11.0,Stieger2021,csp+lr,"FC3,FC1,FCz,FC2,FC4,C5,C3,C1,Cz,C2,C4,C6,CP3,CP1,CPz,CP2,CP4",,
,,,2,1,,,Stieger2021,csd_csp+lda,"FC3,FC1,FCz,FC2,FC4,C5,C3,C1,Cz,C2,C4,C6,CP3,CP1,CPz,CP2,CP4",,
,,,2,1,,,Stieger2021,csd_csp+lr,"FC3,FC1,FCz,FC2,FC4,C5,C3,C1,Cz,C2,C4,C6,CP3,CP1,CPz,CP2,CP4",,
,,,2,1,,,Stieger2021,csd_riem+lda,"FC3,FC1,FCz,FC2,FC4,C5,C3,C1,Cz,C2,C4,C6,CP3,CP1,CPz,CP2,CP4",,
,,,2,1,,,Stieger2021,csd_riem+lr,"FC3,FC1,FCz,FC2,FC4,C5,C3,C1,Cz,C2,C4,C6,CP3,CP1,CPz,CP2,CP4",,
0.46016416,0.26958656,426.0,2,1,17.0,11.0,Stieger2021,csp+lda,"FC3,FC1,FCz,FC2,FC4,C5,C3,C1,Cz,C2,C4,C6,CP3,CP1,CPz,CP2,CP4",,
0.4764706,0.3531634,426.0,2,1,17.0,11.0,Stieger2021,riem+lr,"FC3,FC1,FCz,FC2,FC4,C5,C3,C1,Cz,C2,C4,C6,CP3,CP1,CPz,CP2,CP4",,
0.4248427,0.36824208,426.0,2,1,17.0,11.0,Stieger2021,riem+lda,"FC3,FC1,FCz,FC2,FC4,C5,C3,C1,Cz,C2,C4,C6,CP3,CP1,CPz,CP2,CP4",,
0.45077977,0.25201893,426.0,2,1,17.0,11.0,Stieger2021,csp+lr,"FC3,FC1,FCz,FC2,FC4,C5,C3,C1,Cz,C2,C4,C6,CP3,CP1,CPz,CP2,CP4",,
0.5301205,0.2811007,415.0,2,3,17.0,11.0,Stieger2021,csp+lda,"FC3,FC1,FCz,FC2,FC4,C5,C3,C1,Cz,C2,C4,C6,CP3,CP1,CPz,CP2,CP4",,
0.65301204,0.35432467,415.0,2,3,17.0,11.0,Stieger2021,riem+lr,"FC3,FC1,FCz,FC2,FC4,C5,C3,C1,Cz,C2,C4,C6,CP3,CP1,CPz,CP2,CP4",,
0.5301205,0.34976587,415.0,2,3,17.0,11.0,Stieger2021,riem+lda,"FC3,FC1,FCz,FC2,FC4,C5,C3,C1,Cz,C2,C4,C6,CP3,CP1,CPz,CP2,CP4",,
0.5373494,0.24970827,415.0,2,3,17.0,11.0,Stieger2021,csp+lr,"FC3,FC1,FCz,FC2,FC4,C5,C3,C1,Cz,C2,C4,C6,CP3,CP1,CPz,CP2,CP4",,
,,,2,3,,,Stieger2021,csd_csp+lda,"FC3,FC1,FCz,FC2,FC4,C5,C3,C1,Cz,C2,C4,C6,CP3,CP1,CPz,CP2,CP4",,
,,,2,3,,,Stieger2021,csd_csp+lr,"FC3,FC1,FCz,FC2,FC4,C5,C3,C1,Cz,C2,C4,C6,CP3,CP1,CPz,CP2,CP4",,
,,,2,3,,,Stieger2021,csd_riem+lda,"FC3,FC1,FCz,FC2,FC4,C5,C3,C1,Cz,C2,C4,C6,CP3,CP1,CPz,CP2,CP4",,
,,,2,3,,,Stieger2021,csd_riem+lr,"FC3,FC1,FCz,FC2,FC4,C5,C3,C1,Cz,C2,C4,C6,CP3,CP1,CPz,CP2,CP4",,
0.5301205,0.2811007,415.0,2,3,17.0,11.0,Stieger2021,csp+lda,"FC3,FC1,FCz,FC2,FC4,C5,C3,C1,Cz,C2,C4,C6,CP3,CP1,CPz,CP2,CP4",,
0.65301204,0.35432467,415.0,2,3,17.0,11.0,Stieger2021,riem+lr,"FC3,FC1,FCz,FC2,FC4,C5,C3,C1,Cz,C2,C4,C6,CP3,CP1,CPz,CP2,CP4",,
0.5301205,0.34976587,415.0,2,3,17.0,11.0,Stieger2021,riem+lda,"FC3,FC1,FCz,FC2,FC4,C5,C3,C1,Cz,C2,C4,C6,CP3,CP1,CPz,CP2,CP4",,
0.5373494,0.24970827,415.0,2,3,17.0,11.0,Stieger2021,csp+lr,"FC3,FC1,FCz,FC2,FC4,C5,C3,C1,Cz,C2,C4,C6,CP3,CP1,CPz,CP2,CP4",,
0.5837209,0.24349466,430.0,2,5,17.0,11.0,Stieger2021,csp+lda,"FC3,FC1,FCz,FC2,FC4,C5,C3,C1,Cz,C2,C4,C6,CP3,CP1,CPz,CP2,CP4",,
0.7209302,0.35575023,430.0,2,5,17.0,11.0,Stieger2021,riem+lr,"FC3,FC1,FCz,FC2,FC4,C5,C3,C1,Cz,C2,C4,C6,CP3,CP1,CPz,CP2,CP4",,
0.6372093,0.35893798,430.0,2,5,17.0,11.0,Stieger2021,riem+lda,"FC3,FC1,FCz,FC2,FC4,C5,C3,C1,Cz,C2,C4,C6,CP3,CP1,CPz,CP2,CP4",,
0.60465115,0.2959126,430.0,2,5,17.0,11.0,Stieger2021,csp+lr,"FC3,FC1,FCz,FC2,FC4,C5,C3,C1,Cz,C2,C4,C6,CP3,CP1,CPz,CP2,CP4",,
,,,2,5,,,Stieger2021,csd_csp+lda,"FC3,FC1,FCz,FC2,FC4,C5,C3,C1,Cz,C2,C4,C6,CP3,CP1,CPz,CP2,CP4",,
,,,2,5,,,Stieger2021,csd_csp+lr,"FC3,FC1,FCz,FC2,FC4,C5,C3,C1,Cz,C2,C4,C6,CP3,CP1,CPz,CP2,CP4",,
,,,2,5,,,Stieger2021,csd_riem+lda,"FC3,FC1,FCz,FC2,FC4,C5,C3,C1,Cz,C2,C4,C6,CP3,CP1,CPz,CP2,CP4",,
,,,2,5,,,Stieger2021,csd_riem+lr,"FC3,FC1,FCz,FC2,FC4,C5,C3,C1,Cz,C2,C4,C6,CP3,CP1,CPz,CP2,CP4",,
0.5837209,0.24349466,430.0,2,5,17.0,11.0,Stieger2021,csp+lda,"FC3,FC1,FCz,FC2,FC4,C5,C3,C1,Cz,C2,C4,C6,CP3,CP1,CPz,CP2,CP4",,
0.7209302,0.35575023,430.0,2,5,17.0,11.0,Stieger2021,riem+lr,"FC3,FC1,FCz,FC2,FC4,C5,C3,C1,Cz,C2,C4,C6,CP3,CP1,CPz,CP2,CP4",,
0.6372093,0.35893798,430.0,2,5,17.0,11.0,Stieger2021,riem+lda,"FC3,FC1,FCz,FC2,FC4,C5,C3,C1,Cz,C2,C4,C6,CP3,CP1,CPz,CP2,CP4",,
0.60465115,0.2959126,430.0,2,5,17.0,11.0,Stieger2021,csp+lr,"FC3,FC1,FCz,FC2,FC4,C5,C3,C1,Cz,C2,C4,C6,CP3,CP1,CPz,CP2,CP4",,
0.496525,0.25369114,433.0,2,7,17.0,11.0,Stieger2021,csp+lda,"FC3,FC1,FCz,FC2,FC4,C5,C3,C1,Cz,C2,C4,C6,CP3,CP1,CPz,CP2,CP4",,
0.51702756,0.3605811,433.0,2,7,17.0,11.0,Stieger2021,riem+lr,"FC3,FC1,FCz,FC2,FC4,C5,C3,C1,Cz,C2,C4,C6,CP3,CP1,CPz,CP2,CP4",,
0.43875968,0.36567336,433.0,2,7,17.0,11.0,Stieger2021,riem+lda,"FC3,FC1,FCz,FC2,FC4,C5,C3,C1,Cz,C2,C4,C6,CP3,CP1,CPz,CP2,CP4",,
0.48035285,0.2589732,433.0,2,7,17.0,11.0,Stieger2021,csp+lr,"FC3,FC1,FCz,FC2,FC4,C5,C3,C1,Cz,C2,C4,C6,CP3,CP1,CPz,CP2,CP4",,
,,,2,7,,,Stieger2021,csd_csp+lda,"FC3,FC1,FCz,FC2,FC4,C5,C3,C1,Cz,C2,C4,C6,CP3,CP1,CPz,CP2,CP4",,
,,,2,7,,,Stieger2021,csd_csp+lr,"FC3,FC1,FCz,FC2,FC4,C5,C3,C1,Cz,C2,C4,C6,CP3,CP1,CPz,CP2,CP4",,
,,,2,7,,,Stieger2021,csd_riem+lda,"FC3,FC1,FCz,FC2,FC4,C5,C3,C1,Cz,C2,C4,C6,CP3,CP1,CPz,CP2,CP4",,
,,,2,7,,,Stieger2021,csd_riem+lr,"FC3,FC1,FCz,FC2,FC4,C5,C3,C1,Cz,C2,C4,C6,CP3,CP1,CPz,CP2,CP4",,
0.496525,0.25369114,433.0,2,7,17.0,11.0,Stieger2021,csp+lda,"FC3,FC1,FCz,FC2,FC4,C5,C3,C1,Cz,C2,C4,C6,CP3,CP1,CPz,CP2,CP4",,
0.51702756,0.3605811,433.0,2,7,17.0,11.0,Stieger2021,riem+lr,"FC3,FC1,FCz,FC2,FC4,C5,C3,C1,Cz,C2,C4,C6,CP3,CP1,CPz,CP2,CP4",,
0.43875968,0.36567336,433.0,2,7,17.0,11.0,Stieger2021,riem+lda,"FC3,FC1,FCz,FC2,FC4,C5,C3,C1,Cz,C2,C4,C6,CP3,CP1,CPz,CP2,CP4",,
0.48035285,0.2589732,433.0,2,7,17.0,11.0,Stieger2021,csp+lr,"FC3,FC1,FCz,FC2,FC4,C5,C3,C1,Cz,C2,C4,C6,CP3,CP1,CPz,CP2,CP4",,
0.37667915,0.3070714,446.0,3,1,17.0,11.0,Stieger2021,csp+lda,"FC3,FC1,FCz,FC2,FC4,C5,C3,C1,Cz,C2,C4,C6,CP3,CP1,CPz,CP2,CP4",,
0.46401998,0.37320763,446.0,3,1,17.0,11.0,Stieger2021,riem+lr,"FC3,FC1,FCz,FC2,FC4,C5,C3,C1,Cz,C2,C4,C6,CP3,CP1,CPz,CP2,CP4",,
0.40811485,0.37500054,446.0,3,1,17.0,11.0,Stieger2021,riem+lda,"FC3,FC1,FCz,FC2,FC4,C5,C3,C1,Cz,C2,C4,C6,CP3,CP1,CPz,CP2,CP4",,
0.3475406,0.30171722,446.0,3,1,17.0,11.0,Stieger2021,csp+lr,"FC3,FC1,FCz,FC2,FC4,C5,C3,C1,Cz,C2,C4,C6,CP3,CP1,CPz,CP2,CP4",,
,,,3,1,,,Stieger2021,csd_csp+lda,"FC3,FC1,FCz,FC2,FC4,C5,C3,C1,Cz,C2,C4,C6,CP3,CP1,CPz,CP2,CP4",,
,,,3,1,,,Stieger2021,csd_csp+lr,"FC3,FC1,FCz,FC2,FC4,C5,C3,C1,Cz,C2,C4,C6,CP3,CP1,CPz,CP2,CP4",,
,,,3,1,,,Stieger2021,csd_riem+lda,"FC3,FC1,FCz,FC2,FC4,C5,C3,C1,Cz,C2,C4,C6,CP3,CP1,CPz,CP2,CP4",,
,,,3,1,,,Stieger2021,csd_riem+lr,"FC3,FC1,FCz,FC2,FC4,C5,C3,C1,Cz,C2,C4,C6,CP3,CP1,CPz,CP2,CP4",,
0.37667915,0.3070714,446.0,3,1,17.0,11.0,Stieger2021,csp+lda,"FC3,FC1,FCz,FC2,FC4,C5,C3,C1,Cz,C2,C4,C6,CP3,CP1,CPz,CP2,CP4",,
0.46401998,0.37320763,446.0,3,1,17.0,11.0,Stieger2021,riem+lr,"FC3,FC1,FCz,FC2,FC4,C5,C3,C1,Cz,C2,C4,C6,CP3,CP1,CPz,CP2,CP4",,
0.40811485,0.37500054,446.0,3,1,17.0,11.0,Stieger2021,riem+lda,"FC3,FC1,FCz,FC2,FC4,C5,C3,C1,Cz,C2,C4,C6,CP3,CP1,CPz,CP2,CP4",,
0.3475406,0.30171722,446.0,3,1,17.0,11.0,Stieger2021,csp+lr,"FC3,FC1,FCz,FC2,FC4,C5,C3,C1,Cz,C2,C4,C6,CP3,CP1,CPz,CP2,CP4",,
0.31236374,0.28111878,416.0,3,3,17.0,11.0,Stieger2021,csp+lda,"FC3,FC1,FCz,FC2,FC4,C5,C3,C1,Cz,C2,C4,C6,CP3,CP1,CPz,CP2,CP4",,
0.35823295,0.3704833,416.0,3,3,17.0,11.0,Stieger2021,riem+lr,"FC3,FC1,FCz,FC2,FC4,C5,C3,C1,Cz,C2,C4,C6,CP3,CP1,CPz,CP2,CP4",,
0.34845096,0.37337512,416.0,3,3,17.0,11.0,Stieger2021,riem+lda,"FC3,FC1,FCz,FC2,FC4,C5,C3,C1,Cz,C2,C4,C6,CP3,CP1,CPz,CP2,CP4",,
0.36047044,0.28248638,416.0,3,3,17.0,11.0,Stieger2021,csp+lr,"FC3,FC1,FCz,FC2,FC4,C5,C3,C1,Cz,C2,C4,C6,CP3,CP1,CPz,CP2,CP4",,
,,,3,3,,,Stieger2021,csd_csp+lda,"FC3,FC1,FCz,FC2,FC4,C5,C3,C1,Cz,C2,C4,C6,CP3,CP1,CPz,CP2,CP4",,
,,,3,3,,,Stieger2021,csd_csp+lr,"FC3,FC1,FCz,FC2,FC4,C5,C3,C1,Cz,C2,C4,C6,CP3,CP1,CPz,CP2,CP4",,
,,,3,3,,,Stieger2021,csd_riem+lda,"FC3,FC1,FCz,FC2,FC4,C5,C3,C1,Cz,C2,C4,C6,CP3,CP1,CPz,CP2,CP4",,
,,,3,3,,,Stieger2021,csd_riem+lr,"FC3,FC1,FCz,FC2,FC4,C5,C3,C1,Cz,C2,C4,C6,CP3,CP1,CPz,CP2,CP4",,
0.31236374,0.28111878,416.0,3,3,17.0,11.0,Stieger2021,csp+lda,"FC3,FC1,FCz,FC2,FC4,C5,C3,C1,Cz,C2,C4,C6,CP3,CP1,CPz,CP2,CP4",,
0.35823295,0.3704833,416.0,3,3,17.0,11.0,Stieger2021,riem+lr,"FC3,FC1,FCz,FC2,FC4,C5,C3,C1,Cz,C2,C4,C6,CP3,CP1,CPz,CP2,CP4",,
0.34845096,0.37337512,416.0,3,3,17.0,11.0,Stieger2021,riem+lda,"FC3,FC1,FCz,FC2,FC4,C5,C3,C1,Cz,C2,C4,C6,CP3,CP1,CPz,CP2,CP4",,
0.36047044,0.28248638,416.0,3,3,17.0,11.0,Stieger2021,csp+lr,"FC3,FC1,FCz,FC2,FC4,C5,C3,C1,Cz,C2,C4,C6,CP3,CP1,CPz,CP2,CP4",,
0.46812958,0.28684157,438.0,3,5,17.0,11.0,Stieger2021,csp+lda,"FC3,FC1,FCz,FC2,FC4,C5,C3,C1,Cz,C2,C4,C6,CP3,CP1,CPz,CP2,CP4",,
0.488558,0.38477594,438.0,3,5,17.0,11.0,Stieger2021,riem+lr,"FC3,FC1,FCz,FC2,FC4,C5,C3,C1,Cz,C2,C4,C6,CP3,CP1,CPz,CP2,CP4",,
0.46567398,0.39285526,438.0,3,5,17.0,11.0,Stieger2021,riem+lda,"FC3,FC1,FCz,FC2,FC4,C5,C3,C1,Cz,C2,C4,C6,CP3,CP1,CPz,CP2,CP4",,
0.42685476,0.28022712,438.0,3,5,17.0,11.0,Stieger2021,csp+lr,"FC3,FC1,FCz,FC2,FC4,C5,C3,C1,Cz,C2,C4,C6,CP3,CP1,CPz,CP2,CP4",,
,,,3,5,,,Stieger2021,csd_csp+lda,"FC3,FC1,FCz,FC2,FC4,C5,C3,C1,Cz,C2,C4,C6,CP3,CP1,CPz,CP2,CP4",,
,,,3,5,,,Stieger2021,csd_csp+lr,"FC3,FC1,FCz,FC2,FC4,C5,C3,C1,Cz,C2,C4,C6,CP3,CP1,CPz,CP2,CP4",,
,,,3,5,,,Stieger2021,csd_riem+lda,"FC3,FC1,FCz,FC2,FC4,C5,C3,C1,Cz,C2,C4,C6,CP3,CP1,CPz,CP2,CP4",,
,,,3,5,,,Stieger2021,csd_riem+lr,"FC3,FC1,FCz,FC2,FC4,C5,C3,C1,Cz,C2,C4,C6,CP3,CP1,CPz,CP2,CP4",,
0.46812958,0.28684157,438.0,3,5,17.0,11.0,Stieger2021,csp+lda,"FC3,FC1,FCz,FC2,FC4,C5,C3,C1,Cz,C2,C4,C6,CP3,CP1,CPz,CP2,CP4",,
0.488558,0.38477594,438.0,3,5,17.0,11.0,Stieger2021,riem+lr,"FC3,FC1,FCz,FC2,FC4,C5,C3,C1,Cz,C2,C4,C6,CP3,CP1,CPz,CP2,CP4",,
0.46567398,0.39285526,438.0,3,5,17.0,11.0,Stieger2021,riem+lda,"FC3,FC1,FCz,FC2,FC4,C5,C3,C1,Cz,C2,C4,C6,CP3,CP1,CPz,CP2,CP4",,
0.42685476,0.28022712,438.0,3,5,17.0,11.0,Stieger2021,csp+lr,"FC3,FC1,FCz,FC2,FC4,C5,C3,C1,Cz,C2,C4,C6,CP3,CP1,CPz,CP2,CP4",,
0.35229886,0.2548128,437.0,3,7,17.0,11.0,Stieger2021,csp+lda,"FC3,FC1,FCz,FC2,FC4,C5,C3,C1,Cz,C2,C4,C6,CP3,CP1,CPz,CP2,CP4",,
0.50809824,0.38432664,437.0,3,7,17.0,11.0,Stieger2021,riem+lr,"FC3,FC1,FCz,FC2,FC4,C5,C3,C1,Cz,C2,C4,C6,CP3,CP1,CPz,CP2,CP4",,
0.46698016,0.39082345,437.0,3,7,17.0,11.0,Stieger2021,riem+lda,"FC3,FC1,FCz,FC2,FC4,C5,C3,C1,Cz,C2,C4,C6,CP3,CP1,CPz,CP2,CP4",,
0.3753135,0.27537528,437.0,3,7,17.0,11.0,Stieger2021,csp+lr,"FC3,FC1,FCz,FC2,FC4,C5,C3,C1,Cz,C2,C4,C6,CP3,CP1,CPz,CP2,CP4",,
,,,3,7,,,Stieger2021,csd_csp+lda,"FC3,FC1,FCz,FC2,FC4,C5,C3,C1,Cz,C2,C4,C6,CP3,CP1,CPz,CP2,CP4",,
,,,3,7,,,Stieger2021,csd_csp+lr,"FC3,FC1,FCz,FC2,FC4,C5,C3,C1,Cz,C2,C4,C6,CP3,CP1,CPz,CP2,CP4",,
,,,3,7,,,Stieger2021,csd_riem+lda,"FC3,FC1,FCz,FC2,FC4,C5,C3,C1,Cz,C2,C4,C6,CP3,CP1,CPz,CP2,CP4",,
,,,3,7,,,Stieger2021,csd_riem+lr,"FC3,FC1,FCz,FC2,FC4,C5,C3,C1,Cz,C2,C4,C6,CP3,CP1,CPz,CP2,CP4",,
0.35229886,0.2548128,437.0,3,7,17.0,11.0,Stieger2021,csp+lda,"FC3,FC1,FCz,FC2,FC4,C5,C3,C1,Cz,C2,C4,C6,CP3,CP1,CPz,CP2,CP4",,
0.50809824,0.38432664,437.0,3,7,17.0,11.0,Stieger2021,riem+lr,"FC3,FC1,FCz,FC2,FC4,C5,C3,C1,Cz,C2,C4,C6,CP3,CP1,CPz,CP2,CP4",,
0.46698016,0.39082345,437.0,3,7,17.0,11.0,Stieger2021,riem+lda,"FC3,FC1,FCz,FC2,FC4,C5,C3,C1,Cz,C2,C4,C6,CP3,CP1,CPz,CP2,CP4",,
0.3753135,0.27537528,437.0,3,7,17.0,11.0,Stieger2021,csp+lr,"FC3,FC1,FCz,FC2,FC4,C5,C3,C1,Cz,C2,C4,C6,CP3,CP1,CPz,CP2,CP4",,
0.5284474,0.28979716,441.0,4,1,17.0,11.0,Stieger2021,csp+lda,"FC3,FC1,FCz,FC2,FC4,C5,C3,C1,Cz,C2,C4,C6,CP3,CP1,CPz,CP2,CP4",,
0.632763,0.37773776,441.0,4,1,17.0,11.0,Stieger2021,riem+lr,"FC3,FC1,FCz,FC2,FC4,C5,C3,C1,Cz,C2,C4,C6,CP3,CP1,CPz,CP2,CP4",,
0.58501023,0.37932315,441.0,4,1,17.0,11.0,Stieger2021,riem+lda,"FC3,FC1,FCz,FC2,FC4,C5,C3,C1,Cz,C2,C4,C6,CP3,CP1,CPz,CP2,CP4",,
0.55107254,0.26501536,441.0,4,1,17.0,11.0,Stieger2021,csp+lr,"FC3,FC1,FCz,FC2,FC4,C5,C3,C1,Cz,C2,C4,C6,CP3,CP1,CPz,CP2,CP4",,
,,,4,1,,,Stieger2021,csd_csp+lda,"FC3,FC1,FCz,FC2,FC4,C5,C3,C1,Cz,C2,C4,C6,CP3,CP1,CPz,CP2,CP4",,
,,,4,1,,,Stieger2021,csd_csp+lr,"FC3,FC1,FCz,FC2,FC4,C5,C3,C1,Cz,C2,C4,C6,CP3,CP1,CPz,CP2,CP4",,
,,,4,1,,,Stieger2021,csd_riem+lda,"FC3,FC1,FCz,FC2,FC4,C5,C3,C1,Cz,C2,C4,C6,CP3,CP1,CPz,CP2,CP4",,
,,,4,1,,,Stieger2021,csd_riem+lr,"FC3,FC1,FCz,FC2,FC4,C5,C3,C1,Cz,C2,C4,C6,CP3,CP1,CPz,CP2,CP4",,
0.5284474,0.28979716,441.0,4,1,17.0,11.0,Stieger2021,csp+lda,"FC3,FC1,FCz,FC2,FC4,C5,C3,C1,Cz,C2,C4,C6,CP3,CP1,CPz,CP2,CP4",,
0.632763,0.37773776,441.0,4,1,17.0,11.0,Stieger2021,riem+lr,"FC3,FC1,FCz,FC2,FC4,C5,C3,C1,Cz,C2,C4,C6,CP3,CP1,CPz,CP2,CP4",,
0.58501023,0.37932315,441.0,4,1,17.0,11.0,Stieger2021,riem+lda,"FC3,FC1,FCz,FC2,FC4,C5,C3,C1,Cz,C2,C4,C6,CP3,CP1,CPz,CP2,CP4",,
0.55107254,0.26501536,441.0,4,1,17.0,11.0,Stieger2021,csp+lr,"FC3,FC1,FCz,FC2,FC4,C5,C3,C1,Cz,C2,C4,C6,CP3,CP1,CPz,CP2,CP4",,
0.4654321,0.31552076,406.0,4,3,17.0,11.0,Stieger2021,csp+lda,"FC3,FC1,FCz,FC2,FC4,C5,C3,C1,Cz,C2,C4,C6,CP3,CP1,CPz,CP2,CP4",,
0.63309246,0.37444288,406.0,4,3,17.0,11.0,Stieger2021,riem+lr,"FC3,FC1,FCz,FC2,FC4,C5,C3,C1,Cz,C2,C4,C6,CP3,CP1,CPz,CP2,CP4",,
0.52962965,0.36465192,406.0,4,3,17.0,11.0,Stieger2021,riem+lda,"FC3,FC1,FCz,FC2,FC4,C5,C3,C1,Cz,C2,C4,C6,CP3,CP1,CPz,CP2,CP4",,
0.48515508,0.2950192,406.0,4,3,17.0,11.0,Stieger2021,csp+lr,"FC3,FC1,FCz,FC2,FC4,C5,C3,C1,Cz,C2,C4,C6,CP3,CP1,CPz,CP2,CP4",,
,,,4,3,,,Stieger2021,csd_csp+lda,"FC3,FC1,FCz,FC2,FC4,C5,C3,C1,Cz,C2,C4,C6,CP3,CP1,CPz,CP2,CP4",,
,,,4,3,,,Stieger2021,csd_csp+lr,"FC3,FC1,FCz,FC2,FC4,C5,C3,C1,Cz,C2,C4,C6,CP3,CP1,CPz,CP2,CP4",,
,,,4,3,,,Stieger2021,csd_riem+lda,"FC3,FC1,FCz,FC2,FC4,C5,C3,C1,Cz,C2,C4,C6,CP3,CP1,CPz,CP2,CP4",,
,,,4,3,,,Stieger2021,csd_riem+lr,"FC3,FC1,FCz,FC2,FC4,C5,C3,C1,Cz,C2,C4,C6,CP3,CP1,CPz,CP2,CP4",,
0.4654321,0.31552076,406.0,4,3,17.0,11.0,Stieger2021,csp+lda,"FC3,FC1,FCz,FC2,FC4,C5,C3,C1,Cz,C2,C4,C6,CP3,CP1,CPz,CP2,CP4",,
0.63309246,0.37444288,406.0,4,3,17.0,11.0,Stieger2021,riem+lr,"FC3,FC1,FCz,FC2,FC4,C5,C3,C1,Cz,C2,C4,C6,CP3,CP1,CPz,CP2,CP4",,
0.52962965,0.36465192,406.0,4,3,17.0,11.0,Stieger2021,riem+lda,"FC3,FC1,FCz,FC2,FC4,C5,C3,C1,Cz,C2,C4,C6,CP3,CP1,CPz,CP2,CP4",,
0.48515508,0.2950192,406.0,4,3,17.0,11.0,Stieger2021,csp+lr,"FC3,FC1,FCz,FC2,FC4,C5,C3,C1,Cz,C2,C4,C6,CP3,CP1,CPz,CP2,CP4",,
0.8055814,0.25639015,427.0,4,5,17.0,11.0,Stieger2021,csp+lda,"FC3,FC1,FCz,FC2,FC4,C5,C3,C1,Cz,C2,C4,C6,CP3,CP1,CPz,CP2,CP4",,
0.8664022,0.392692,427.0,4,5,17.0,11.0,Stieger2021,riem+lr,"FC3,FC1,FCz,FC2,FC4,C5,C3,C1,Cz,C2,C4,C6,CP3,CP1,CPz,CP2,CP4",,
0.79622436,0.37794676,427.0,4,5,17.0,11.0,Stieger2021,riem+lda,"FC3,FC1,FCz,FC2,FC4,C5,C3,C1,Cz,C2,C4,C6,CP3,CP1,CPz,CP2,CP4",,
0.8197811,0.26295954,427.0,4,5,17.0,11.0,Stieger2021,csp+lr,"FC3,FC1,FCz,FC2,FC4,C5,C3,C1,Cz,C2,C4,C6,CP3,CP1,CPz,CP2,CP4",,
,,,4,5,,,Stieger2021,csd_csp+lda,"FC3,FC1,FCz,FC2,FC4,C5,C3,C1,Cz,C2,C4,C6,CP3,CP1,CPz,CP2,CP4",,
,,,4,5,,,Stieger2021,csd_csp+lr,"FC3,FC1,FCz,FC2,FC4,C5,C3,C1,Cz,C2,C4,C6,CP3,CP1,CPz,CP2,CP4",,
,,,4,5,,,Stieger2021,csd_riem+lda,"FC3,FC1,FCz,FC2,FC4,C5,C3,C1,Cz,C2,C4,C6,CP3,CP1,CPz,CP2,CP4",,
,,,4,5,,,Stieger2021,csd_riem+lr,"FC3,FC1,FCz,FC2,FC4,C5,C3,C1,Cz,C2,C4,C6,CP3,CP1,CPz,CP2,CP4",,
0.8055814,0.25639015,427.0,4,5,17.0,11.0,Stieger2021,csp+lda,"FC3,FC1,FCz,FC2,FC4,C5,C3,C1,Cz,C2,C4,C6,CP3,CP1,CPz,CP2,CP4",,
0.8664022,0.392692,427.0,4,5,17.0,11.0,Stieger2021,riem+lr,"FC3,FC1,FCz,FC2,FC4,C5,C3,C1,Cz,C2,C4,C6,CP3,CP1,CPz,CP2,CP4",,
0.79622436,0.37794676,427.0,4,5,17.0,11.0,Stieger2021,riem+lda,"FC3,FC1,FCz,FC2,FC4,C5,C3,C1,Cz,C2,C4,C6,CP3,CP1,CPz,CP2,CP4",,
0.8197811,0.26295954,427.0,4,5,17.0,11.0,Stieger2021,csp+lr,"FC3,FC1,FCz,FC2,FC4,C5,C3,C1,Cz,C2,C4,C6,CP3,CP1,CPz,CP2,CP4",,
0.7143321,0.26507226,448.0,4,7,17.0,11.0,Stieger2021,csp+lda,"FC3,FC1,FCz,FC2,FC4,C5,C3,C1,Cz,C2,C4,C6,CP3,CP1,CPz,CP2,CP4",,
0.80799,0.3922309,448.0,4,7,17.0,11.0,Stieger2021,riem+lr,"FC3,FC1,FCz,FC2,FC4,C5,C3,C1,Cz,C2,C4,C6,CP3,CP1,CPz,CP2,CP4",,
0.70766544,0.39262977,448.0,4,7,17.0,11.0,Stieger2021,riem+lda,"FC3,FC1,FCz,FC2,FC4,C5,C3,C1,Cz,C2,C4,C6,CP3,CP1,CPz,CP2,CP4",,
0.71657926,0.2705891,448.0,4,7,17.0,11.0,Stieger2021,csp+lr,"FC3,FC1,FCz,FC2,FC4,C5,C3,C1,Cz,C2,C4,C6,CP3,CP1,CPz,CP2,CP4",,
,,,4,7,,,Stieger2021,csd_csp+lda,"FC3,FC1,FCz,FC2,FC4,C5,C3,C1,Cz,C2,C4,C6,CP3,CP1,CPz,CP2,CP4",,
,,,4,7,,,Stieger2021,csd_csp+lr,"FC3,FC1,FCz,FC2,FC4,C5,C3,C1,Cz,C2,C4,C6,CP3,CP1,CPz,CP2,CP4",,
,,,4,7,,,Stieger2021,csd_riem+lda,"FC3,FC1,FCz,FC2,FC4,C5,C3,C1,Cz,C2,C4,C6,CP3,CP1,CPz,CP2,CP4",,
,,,4,7,,,Stieger2021,csd_riem+lr,"FC3,FC1,FCz,FC2,FC4,C5,C3,C1,Cz,C2,C4,C6,CP3,CP1,CPz,CP2,CP4",,
0.7143321,0.26507226,448.0,4,7,17.0,11.0,Stieger2021,csp+lda,"FC3,FC1,FCz,FC2,FC4,C5,C3,C1,Cz,C2,C4,C6,CP3,CP1,CPz,CP2,CP4",,
0.80799,0.3922309,448.0,4,7,17.0,11.0,Stieger2021,riem+lr,"FC3,FC1,FCz,FC2,FC4,C5,C3,C1,Cz,C2,C4,C6,CP3,CP1,CPz,CP2,CP4",,
0.70766544,0.39262977,448.0,4,7,17.0,11.0,Stieger2021,riem+lda,"FC3,FC1,FCz,FC2,FC4,C5,C3,C1,Cz,C2,C4,C6,CP3,CP1,CPz,CP2,CP4",,
0.71657926,0.2705891,448.0,4,7,17.0,11.0,Stieger2021,csp+lr,"FC3,FC1,FCz,FC2,FC4,C5,C3,C1,Cz,C2,C4,C6,CP3,CP1,CPz,CP2,CP4",,
0.5022727,0.2606132,440.0,5,1,17.0,11.0,Stieger2021,csp+lda,"FC3,FC1,FCz,FC2,FC4,C5,C3,C1,Cz,C2,C4,C6,CP3,CP1,CPz,CP2,CP4",,
0.5159091,0.37936455,440.0,5,1,17.0,11.0,Stieger2021,riem+lr,"FC3,FC1,FCz,FC2,FC4,C5,C3,C1,Cz,C2,C4,C6,CP3,CP1,CPz,CP2,CP4",,
0.42954546,0.37765178,440.0,5,1,17.0,11.0,Stieger2021,riem+lda,"FC3,FC1,FCz,FC2,FC4,C5,C3,C1,Cz,C2,C4,C6,CP3,CP1,CPz,CP2,CP4",,
0.49772727,0.26420093,440.0,5,1,17.0,11.0,Stieger2021,csp+lr,"FC3,FC1,FCz,FC2,FC4,C5,C3,C1,Cz,C2,C4,C6,CP3,CP1,CPz,CP2,CP4",,
,,,5,1,,,Stieger2021,csd_csp+lda,"FC3,FC1,FCz,FC2,FC4,C5,C3,C1,Cz,C2,C4,C6,CP3,CP1,CPz,CP2,CP4",,
,,,5,1,,,Stieger2021,csd_csp+lr,"FC3,FC1,FCz,FC2,FC4,C5,C3,C1,Cz,C2,C4,C6,CP3,CP1,CPz,CP2,CP4",,
,,,5,1,,,Stieger2021,csd_riem+lda,"FC3,FC1,FCz,FC2,FC4,C5,C3,C1,Cz,C2,C4,C6,CP3,CP1,CPz,CP2,CP4",,
,,,5,1,,,Stieger2021,csd_riem+lr,"FC3,FC1,FCz,FC2,FC4,C5,C3,C1,Cz,C2,C4,C6,CP3,CP1,CPz,CP2,CP4",,
0.5022727,0.2606132,440.0,5,1,17.0,11.0,Stieger2021,csp+lda,"FC3,FC1,FCz,FC2,FC4,C5,C3,C1,Cz,C2,C4,C6,CP3,CP1,CPz,CP2,CP4",,
0.5159091,0.37936455,440.0,5,1,17.0,11.0,Stieger2021,riem+lr,"FC3,FC1,FCz,FC2,FC4,C5,C3,C1,Cz,C2,C4,C6,CP3,CP1,CPz,CP2,CP4",,
0.42954546,0.37765178,440.0,5,1,17.0,11.0,Stieger2021,riem+lda,"FC3,FC1,FCz,FC2,FC4,C5,C3,C1,Cz,C2,C4,C6,CP3,CP1,CPz,CP2,CP4",,
0.49772727,0.26420093,440.0,5,1,17.0,11.0,Stieger2021,csp+lr,"FC3,FC1,FCz,FC2,FC4,C5,C3,C1,Cz,C2,C4,C6,CP3,CP1,CPz,CP2,CP4",,
0.54793435,0.2653636,427.0,5,3,17.0,11.0,Stieger2021,csp+lda,"FC3,FC1,FCz,FC2,FC4,C5,C3,C1,Cz,C2,C4,C6,CP3,CP1,CPz,CP2,CP4",,
0.580684,0.3649645,427.0,5,3,17.0,11.0,Stieger2021,riem+lr,"FC3,FC1,FCz,FC2,FC4,C5,C3,C1,Cz,C2,C4,C6,CP3,CP1,CPz,CP2,CP4",,
0.4825718,0.36562663,427.0,5,3,17.0,11.0,Stieger2021,riem+lda,"FC3,FC1,FCz,FC2,FC4,C5,C3,C1,Cz,C2,C4,C6,CP3,CP1,CPz,CP2,CP4",,
0.51975375,0.25200647,427.0,5,3,17.0,11.0,Stieger2021,csp+lr,"FC3,FC1,FCz,FC2,FC4,C5,C3,C1,Cz,C2,C4,C6,CP3,CP1,CPz,CP2,CP4",,
,,,5,3,,,Stieger2021,csd_csp+lda,"FC3,FC1,FCz,FC2,FC4,C5,C3,C1,Cz,C2,C4,C6,CP3,CP1,CPz,CP2,CP4",,
,,,5,3,,,Stieger2021,csd_csp+lr,"FC3,FC1,FCz,FC2,FC4,C5,C3,C1,Cz,C2,C4,C6,CP3,CP1,CPz,CP2,CP4",,
,,,5,3,,,Stieger2021,csd_riem+lda,"FC3,FC1,FCz,FC2,FC4,C5,C3,C1,Cz,C2,C4,C6,CP3,CP1,CPz,CP2,CP4",,
,,,5,3,,,Stieger2021,csd_riem+lr,"FC3,FC1,FCz,FC2,FC4,C5,C3,C1,Cz,C2,C4,C6,CP3,CP1,CPz,CP2,CP4",,
0.54793435,0.2653636,427.0,5,3,17.0,11.0,Stieger2021,csp+lda,"FC3,FC1,FCz,FC2,FC4,C5,C3,C1,Cz,C2,C4,C6,CP3,CP1,CPz,CP2,CP4",,
0.580684,0.3649645,427.0,5,3,17.0,11.0,Stieger2021,riem+lr,"FC3,FC1,FCz,FC2,FC4,C5,C3,C1,Cz,C2,C4,C6,CP3,CP1,CPz,CP2,CP4",,
0.4825718,0.36562663,427.0,5,3,17.0,11.0,Stieger2021,riem+lda,"FC3,FC1,FCz,FC2,FC4,C5,C3,C1,Cz,C2,C4,C6,CP3,CP1,CPz,CP2,CP4",,
0.51975375,0.25200647,427.0,5,3,17.0,11.0,Stieger2021,csp+lr,"FC3,FC1,FCz,FC2,FC4,C5,C3,C1,Cz,C2,C4,C6,CP3,CP1,CPz,CP2,CP4",,
0.6214995,0.25796062,436.0,5,5,17.0,11.0,Stieger2021,csp+lda,"FC3,FC1,FCz,FC2,FC4,C5,C3,C1,Cz,C2,C4,C6,CP3,CP1,CPz,CP2,CP4",,
0.6400209,0.389261,436.0,5,5,17.0,11.0,Stieger2021,riem+lr,"FC3,FC1,FCz,FC2,FC4,C5,C3,C1,Cz,C2,C4,C6,CP3,CP1,CPz,CP2,CP4",,
0.5596656,0.37731415,436.0,5,5,17.0,11.0,Stieger2021,riem+lda,"FC3,FC1,FCz,FC2,FC4,C5,C3,C1,Cz,C2,C4,C6,CP3,CP1,CPz,CP2,CP4",,
0.62173456,0.23695436,436.0,5,5,17.0,11.0,Stieger2021,csp+lr,"FC3,FC1,FCz,FC2,FC4,C5,C3,C1,Cz,C2,C4,C6,CP3,CP1,CPz,CP2,CP4",,
,,,5,5,,,Stieger2021,csd_csp+lda,"FC3,FC1,FCz,FC2,FC4,C5,C3,C1,Cz,C2,C4,C6,CP3,CP1,CPz,CP2,CP4",,
,,,5,5,,,Stieger2021,csd_csp+lr,"FC3,FC1,FCz,FC2,FC4,C5,C3,C1,Cz,C2,C4,C6,CP3,CP1,CPz,CP2,CP4",,
,,,5,5,,,Stieger2021,csd_riem+lda,"FC3,FC1,FCz,FC2,FC4,C5,C3,C1,Cz,C2,C4,C6,CP3,CP1,CPz,CP2,CP4",,
,,,5,5,,,Stieger2021,csd_riem+lr,"FC3,FC1,FCz,FC2,FC4,C5,C3,C1,Cz,C2,C4,C6,CP3,CP1,CPz,CP2,CP4",,
0.6214995,0.25796062,436.0,5,5,17.0,11.0,Stieger2021,csp+lda,"FC3,FC1,FCz,FC2,FC4,C5,C3,C1,Cz,C2,C4,C6,CP3,CP1,CPz,CP2,CP4",,
0.6400209,0.389261,436.0,5,5,17.0,11.0,Stieger2021,riem+lr,"FC3,FC1,FCz,FC2,FC4,C5,C3,C1,Cz,C2,C4,C6,CP3,CP1,CPz,CP2,CP4",,
0.5596656,0.37731415,436.0,5,5,17.0,11.0,Stieger2021,riem+lda,"FC3,FC1,FCz,FC2,FC4,C5,C3,C1,Cz,C2,C4,C6,CP3,CP1,CPz,CP2,CP4",,
0.62173456,0.23695436,436.0,5,5,17.0,11.0,Stieger2021,csp+lr,"FC3,FC1,FCz,FC2,FC4,C5,C3,C1,Cz,C2,C4,C6,CP3,CP1,CPz,CP2,CP4",,
0.6108934,0.2809999,437.0,5,7,17.0,11.0,Stieger2021,csp+lda,"FC3,FC1,FCz,FC2,FC4,C5,C3,C1,Cz,C2,C4,C6,CP3,CP1,CPz,CP2,CP4",,
0.6591954,0.3847297,437.0,5,7,17.0,11.0,Stieger2021,riem+lr,"FC3,FC1,FCz,FC2,FC4,C5,C3,C1,Cz,C2,C4,C6,CP3,CP1,CPz,CP2,CP4",,
0.5308516,0.385914,437.0,5,7,17.0,11.0,Stieger2021,riem+lda,"FC3,FC1,FCz,FC2,FC4,C5,C3,C1,Cz,C2,C4,C6,CP3,CP1,CPz,CP2,CP4",,
0.61554337,0.2821804,437.0,5,7,17.0,11.0,Stieger2021,csp+lr,"FC3,FC1,FCz,FC2,FC4,C5,C3,C1,Cz,C2,C4,C6,CP3,CP1,CPz,CP2,CP4",,
,,,5,7,,,Stieger2021,csd_csp+lda,"FC3,FC1,FCz,FC2,FC4,C5,C3,C1,Cz,C2,C4,C6,CP3,CP1,CPz,CP2,CP4",,
,,,5,7,,,Stieger2021,csd_csp+lr,"FC3,FC1,FCz,FC2,FC4,C5,C3,C1,Cz,C2,C4,C6,CP3,CP1,CPz,CP2,CP4",,
,,,5,7,,,Stieger2021,csd_riem+lda,"FC3,FC1,FCz,FC2,FC4,C5,C3,C1,Cz,C2,C4,C6,CP3,CP1,CPz,CP2,CP4",,
,,,5,7,,,Stieger2021,csd_riem+lr,"FC3,FC1,FCz,FC2,FC4,C5,C3,C1,Cz,C2,C4,C6,CP3,CP1,CPz,CP2,CP4",,
0.6108934,0.2809999,437.0,5,7,17.0,11.0,Stieger2021,csp+lda,"FC3,FC1,FCz,FC2,FC4,C5,C3,C1,Cz,C2,C4,C6,CP3,CP1,CPz,CP2,CP4",,
0.6591954,0.3847297,437.0,5,7,17.0,11.0,Stieger2021,riem+lr,"FC3,FC1,FCz,FC2,FC4,C5,C3,C1,Cz,C2,C4,C6,CP3,CP1,CPz,CP2,CP4",,
0.5308516,0.385914,437.0,5,7,17.0,11.0,Stieger2021,riem+lda,"FC3,FC1,FCz,FC2,FC4,C5,C3,C1,Cz,C2,C4,C6,CP3,CP1,CPz,CP2,CP4",,
0.61554337,0.2821804,437.0,5,7,17.0,11.0,Stieger2021,csp+lr,"FC3,FC1,FCz,FC2,FC4,C5,C3,C1,Cz,C2,C4,C6,CP3,CP1,CPz,CP2,CP4",,
